Workbook

Sheet Ставки
A1: СТОИМОСТЬ ЧАСА РАБОТЫ СПЕЦИАЛИСТОВ
A3: Роль | B3: Стоимость руб/час | C3: Примечание
A4: Front-end разработчик | B4: 3000
A5: Back-end разработчик | B5: 3000
A6: DevOps | B6: 3000
A7: QA | B7: 3000
A8: Проектный руководитель | B8: 3000
A9: Аналитик | B9: 3000

Sheet КП
A1: КОММЕРЧЕСКОЕ ПРЕДЛОЖЕНИЕ
A2: Проект: Система ЭДО (Электронный документооборот) - Lemana Pro
A3: Исполнитель: Gravity
A4: Срок: 15.01.2026 - 31.08.2026 (7.5 месяцев)
A6: № | B6: Этап/Роль | C6: Специалист | D6: Часов | E6: Ставка руб/час | F6: Стоимость руб
A7: 1. Аналитика и проектирование (4 недели)
A8: 1 | C8: Проектный руководитель | D8: 160 | E8: =Ставки!B8 | F8: =D8*E8
A9: 2 | C9: Аналитик | D9: 160 | E9: =Ставки!B9 | F9: =D9*E9
A10: 3 | C10: Back-end разработчик | D10: 40 | E10: =Ставки!B5 | F10: =D10*E10
A11: 2. Инфраструктура и DevOps (3 недели)
A12: 4 | C12: DevOps | D12: 240 | E12: =Ставки!B6 | F12: =D12*E12
A13: 3. Backend разработка (10 недель)
A14: 5 | C14: Back-end разработчик | D14: 800 | E14: =Ставки!B5 | F14: =D14*E14
A15: 4. Frontend разработка (6 недель)
A16: 6 | C16: Front-end разработчик | D16: 480 | E16: =Ставки!B4 | F16: =D16*E16
A17: 5. Работа с данными и хранение (2 недели)
A18: 7 | C18: Back-end разработчик | D18: 80 | E18: =Ставки!B5 | F18: =D18*E18
A19: 8 | C19: DevOps | D19: 40 | E19: =Ставки!B6 | F19: =D19*E19
A20: 6. Логирование, мониторинг, аудит (2 недели)
A21: 9 | C21: DevOps | D21: 80 | E21: =Ставки!B6 | F21: =D21*E21
A22: 10 | C22: Back-end разработчик | D22: 40 | E22: =Ставки!B5 | F22: =D22*E22
A23: 7. Тестирование (4 недели)
A24: 11 | C24: QA | D24: 320 | E24: =Ставки!B7 | F24: =D24*E24
A25: 8. Документация (2 недели)
A26: 12 | C26: Аналитик | D26: 80 | E26: =Ставки!B9 | F26: =D26*E26
A27: 9. Интеграционное тестирование (2 недели)
A28: 13 | C28: Back-end разработчик | D28: 80 | E28: =Ставки!B5 | F28: =D28*E28
A29: 14 | C29: QA | D29: 80 | E29: =Ставки!B7 | F29: =D29*E29
A30: 15 | C30: Аналитик | D30: 40 | E30: =Ставки!B9 | F30: =D30*E30
A31: 10. Подготовка к production (2 недели)
A32: 16 | C32: DevOps | D32: 80 | E32: =Ставки!B6 | F32: =D32*E32
A33: 17 | C33: Back-end разработчик | D33: 40 | E33: =Ставки!B5 | F33: =D33*E33
A34: 18 | C34: QA | D34: 40 | E34: =Ставки!B7 | F34: =D34*E34
A35: ИТОГО: | F35: =SUM(F8:F34)
