Workbook

Sheet Специалисты
A1: SyncVoice™ — Состав команды и ставки
A3: Роль | B3: Ставка (₽/ч) | C3: Примечание
A4: ML-инженер | B4: 3000 | C4: Inference оптимизация, SeamlessM4T, VAD pipeline
A5: Backend Senior | B5: 3000 | C5: FastAPI, LiveKit SDK, PostgreSQL, Recording Service
A6: Frontend | B6: 2500 | C6: React, LiveKit Client SDK, Admin Portal
A7: DevOps | B7: 2500 | C7: Docker, NVIDIA CUDA, Coturn, мониторинг
A8: QA | B8: 2000 | C8: Функциональное и нагрузочное тестирование
A9: РП | B9: 3500 | C9: Управление проектом, коммуникации с клиентом, приёмка

Sheet Декомпозиция
A1: SyncVoice™ — Декомпозиция и оценка трудозатрат
E2: Часы по специалистам
A3: # | B3: Модуль | C3: Задача | D3: Описание | E3: ML | F3: Backend | G3: Frontend | H3: DevOps | I3: QA | J3: РП | K3: Итого часов | L3: Стоимость (₽) | M3: Фаза
A4: 1.1 | B4: LiveKit SFU | C4: Развёртывание LiveKit Server | D4: Docker, порты, TLS, Redis | H4: 16 | J4: 2 | K4: =SUM(E4:J4) | L4: =E4*3000+F4*3000+G4*2500+H4*2500+I4*2000+J4*3500 | M4: Phase 1: MVP
A5: 1.2 | B5: Translation Agent | C5: Перенос batch pipeline | D5: LiveKit Agents SDK, VAD, chunking, fanout | E5: 60 | J5: 4 | K5: =SUM(E5:J5) | L5: =E5*3000+F5*3000+G5*2500+H5*2500+I5*2000+J5*3500 | M5: Phase 1: MVP
A6: 1.3 | B6: Маршрутизация | C6: Подписки по языкам | D6: Track subscription rules, фильтрация своего | F6: 32 | J6: 3 | K6: =SUM(E6:J6) | L6: =E6*3000+F6*3000+G6*2500+H6*2500+I6*2000+J6*3500 | M6: Phase 1: MVP
A7: 1.4 | B7: Web-клиент | C7: React + LiveKit Client SDK | D7: Вход, выбор языка, видео, микрофон, индикаторы | G7: 56 | J7: 4 | K7: =SUM(E7:J7) | L7: =E7*3000+F7*3000+G7*2500+H7*2500+I7*2000+J7*3500 | M7: Phase 1: MVP
A8: 1.5 | B8: Backend API | C8: FastAPI: комнаты и токены | D8: REST endpoints, LiveKit токены | F8: 24 | J8: 2 | K8: =SUM(E8:J8) | L8: =E8*3000+F8*3000+G8*2500+H8*2500+I8*2000+J8*3500 | M8: Phase 1: MVP
A9: 1.6 | B9: Coturn | C9: TURN/STUN сервер | D9: Настройка Coturn, NAT traversal | H9: 12 | J9: 1 | K9: =SUM(E9:J9) | L9: =E9*3000+F9*3000+G9*2500+H9*2500+I9*2000+J9*3500 | M9: Phase 1: MVP
A10: 1.7 | B10: Docker Compose MVP | C10: Compose для MVP | D10: LiveKit + Agent + Redis + Coturn, GPU runtime | H10: 16 | J10: 2 | K10: =SUM(E10:J10) | L10: =E10*3000+F10*3000+G10*2500+H10*2500+I10*2000+J10*3500 | M10: Phase 1: MVP
A11: 1.8 | B11: QA Phase 1 | C11: Интеграционное тестирование | D11: E2E, latency, стресс-тест concurrent speakers | I11: 32 | J11: 2 | K11: =SUM(E11:J11) | L11: =E11*3000+F11*3000+G11*2500+H11*2500+I11*2000+J11*3500 | M11: Phase 1: MVP
A12: 2.1 | B12: Auth | C12: Аутентификация и роли (Backend) | D12: JWT, CRUD пользователей, гостевой доступ | F12: 40 | J12: 4 | K12: =SUM(E12:J12) | L12: =E12*3000+F12*3000+G12*2500+H12*2500+I12*2000+J12*3500 | M12: Phase 2: Продукт
A13: 2.2 | B13: Auth | C13: Auth Frontend | D13: Логин, регистрация, защита роутов по ролям | G13: 24 | J13: 2 | K13: =SUM(E13:J13) | L13: =E13*3000+F13*3000+G13*2500+H13*2500+I13*2000+J13*3500 | M13: Phase 2: Продукт
A14: 2.3 | B14: GlossaryAI | C14: Модуль постобработки | D14: Trie/hash-lookup, замены, транскрипции, pipeline | E14: 48 | J14: 4 | K14: =SUM(E14:J14) | L14: =E14*3000+F14*3000+G14*2500+H14*2500+I14*2000+J14*3500 | M14: Phase 2: Продукт
A15: 2.4 | B15: GlossaryAI | C15: Glossary CRUD + Import | D15: API, CSV/Excel импорт, версионирование, БД | F15: 32 | J15: 3 | K15: =SUM(E15:J15) | L15: =E15*3000+F15*3000+G15*2500+H15*2500+I15*2000+J15*3500 | M15: Phase 2: Продукт
A16: 2.5 | B16: GlossaryAI | C16: Glossary UI | D16: Таблица терминов, импорт, версии, поиск | G16: 24 | J16: 2 | K16: =SUM(E16:J16) | L16: =E16*3000+F16*3000+G16*2500+H16*2500+I16*2000+J16*3500 | M16: Phase 2: Продукт
A17: 2.6 | B17: Recording | C17: Recording Service | D17: LiveKit Egress, composite layout, FFmpeg mux MP4 | F17: 48 | J17: 4 | K17: =SUM(E17:J17) | L17: =E17*3000+F17*3000+G17*2500+H17*2500+I17*2000+J17*3500 | M17: Phase 2: Продукт
A18: 2.7 | B18: Recording | C18: Хранение и скачивание | D18: Файловое хранилище, retention, API скачивания | F18: 16 | J18: 2 | K18: =SUM(E18:J18) | L18: =E18*3000+F18*3000+G18*2500+H18*2500+I18*2000+J18*3500 | M18: Phase 2: Продукт
A19: 2.8 | B19: Web-клиент | C19: Screen Sharing | D19: Screen share, переключение layout | G19: 16 | J19: 1 | K19: =SUM(E19:J19) | L19: =E19*3000+F19*3000+G19*2500+H19*2500+I19*2000+J19*3500 | M19: Phase 2: Продукт
A20: 2.9 | B20: Admin Portal | C20: Дашборд реального времени | D20: GPU, latency, конференции — WebSocket | G20: 40 | J20: 4 | K20: =SUM(E20:J20) | L20: =E20*3000+F20*3000+G20*2500+H20*2500+I20*2000+J20*3500 | M20: Phase 2: Продукт
A21: 2.10 | B21: Admin Portal | C21: Управление системой | D21: Пользователи, глоссарии, настройки, white-label | G21: 32 | J21: 3 | K21: =SUM(E21:J21) | L21: =E21*3000+F21*3000+G21*2500+H21*2500+I21*2000+J21*3500 | M21: Phase 2: Продукт
A22: 2.11 | B22: Admin Portal | C22: Admin API | D22: Метрики, алерты, аудит-лог, настройки | F22: 32 | J22: 3 | K22: =SUM(E22:J22) | L22: =E22*3000+F22*3000+G22*2500+H22*2500+I22*2000+J22*3500 | M22: Phase 2: Продукт
A23: 2.12 | B23: БД | C23: PostgreSQL schema | D23: Миграции: пользователи, сессии, глоссарии | F23: 12 | J23: 1 | K23: =SUM(E23:J23) | L23: =E23*3000+F23*3000+G23*2500+H23*2500+I23*2000+J23*3500 | M23: Phase 2: Продукт
A24: 2.13 | B24: QA Phase 2 | C24: Тестирование Phase 2 | D24: Auth, глоссарий, запись, admin portal, регресс | I24: 40 | J24: 3 | K24: =SUM(E24:J24) | L24: =E24*3000+F24*3000+G24*2500+H24*2500+I24*2000+J24*3500 | M24: Phase 2: Продукт
A25: 3.1 | B25: DevOps | C25: Docker Compose production | D25: health checks, restart, logging, env | H25: 24 | J25: 2 | K25: =SUM(E25:J25) | L25: =E25*3000+F25*3000+G25*2500+H25*2500+I25*2000+J25*3500 | M25: Phase 3: Prod-ready
A26: 3.2 | B26: Безопасность | C26: TLS + шифрование | D26: Сертификаты, at rest, HTTPS | H26: 20 | J26: 2 | K26: =SUM(E26:J26) | L26: =E26*3000+F26*3000+G26*2500+H26*2500+I26*2000+J26*3500 | M26: Phase 3: Prod-ready
A27: 3.3 | B27: Деплой | C27: Mac Studio | D27: launchd + venv + MPS, Docker Desktop, скрипты | H27: 24 | J27: 2 | K27: =SUM(E27:J27) | L27: =E27*3000+F27*3000+G27*2500+H27*2500+I27*2000+J27*3500 | M27: Phase 3: Prod-ready
A28: 3.4 | B28: Деплой | C28: DGX Spark | D28: DGX OS, тест GB10 Blackwell | H28: 16 | J28: 1 | K28: =SUM(E28:J28) | L28: =E28*3000+F28*3000+G28*2500+H28*2500+I28*2000+J28*3500 | M28: Phase 3: Prod-ready
A29: 3.5 | B29: Мониторинг | C29: Prometheus + алерты | D29: Metrics, Grafana/встроенные, алерты latency/GPU | H29: 20 | J29: 2 | K29: =SUM(E29:J29) | L29: =E29*3000+F29*3000+G29*2500+H29*2500+I29*2000+J29*3500 | M29: Phase 3: Prod-ready
A30: 3.6 | B30: Документация | C30: Инструкции по установке | D30: 4 конфигурации железа | H30: 24 | J30: 2 | K30: =SUM(E30:J30) | L30: =E30*3000+F30*3000+G30*2500+H30*2500+I30*2000+J30*3500 | M30: Phase 3: Prod-ready
A31: 3.7 | B31: Документация | C31: Пользовательская документация | D31: Руководство: модератор, участник, администратор | F31: 16 | J31: 2 | K31: =SUM(E31:J31) | L31: =E31*3000+F31*3000+G31*2500+H31*2500+I31*2000+J31*3500 | M31: Phase 3: Prod-ready
A32: 3.8 | B32: Документация | C32: API документация | D32: OpenAPI spec, примеры интеграции | F32: 12 | J32: 1 | K32: =SUM(E32:J32) | L32: =E32*3000+F32*3000+G32*2500+H32*2500+I32*2000+J32*3500 | M32: Phase 3: Prod-ready
A33: 3.9 | B33: QA Phase 3 | C33: Нагрузочное тестирование | D33: 10–20 участников, 3 языка, latency, запись | I33: 24 | J33: 2 | K33: =SUM(E33:J33) | L33: =E33*3000+F33*3000+G33*2500+H33*2500+I33*2000+J33*3500 | M33: Phase 3: Prod-ready
A34: 3.10 | B34: QA Phase 3 | C34: Приёмочное тестирование | D34: Чеклист FR/NFR, баг-фиксы, финальная стабилизация | I34: 32 | J34: 3 | K34: =SUM(E34:J34) | L34: =E34*3000+F34*3000+G34*2500+H34*2500+I34*2000+J34*3500 | M34: Phase 3: Prod-ready
A36: ИТОГО (без буфера) | E36: =SUM(E4:E34) | F36: =SUM(F4:F34) | G36: =SUM(G4:G34) | H36: =SUM(H4:H34) | I36: =SUM(I4:I34) | J36: =SUM(J4:J34) | K36: =SUM(K4:K34) | L36: =SUM(L4:L34)
A37: + Буфер на риски 15% | E37: =E36*0.15 | F37: =F36*0.15 | G37: =G36*0.15 | H37: =H36*0.15 | I37: =I36*0.15 | J37: =J36*0.15 | K37: =K36*0.15 | L37: =L36*0.15
A38: ИТОГО С БУФЕРОМ | E38: =E36+E37 | F38: =F36+F37 | G38: =G36+G37 | H38: =H36+H37 | I38: =I36+I37 | J38: =J36+J37 | K38: =K36+K37 | L38: =L36+L37

Sheet Итоги
A1: SyncVoice™ — Сводная таблица по фазам
A3: Фаза | B3: Задач | C3: Часов (без буфера) | D3: Стоимость (без буфера) | E3: Стоимость (+15% буфер) | F3: Срок
A4: Phase 1: MVP | B4: 8 | C4: =SUMIF(Декомпозиция!M4:M34,"Phase 1: MVP",Декомпозиция!K4:K34) | D4: =SUMIF(Декомпозиция!M4:M34,"Phase 1: MVP",Декомпозиция!L4:L34) | E4: =D4*1.15 | F4: 6–8 недель
A5: Phase 2: Продукт | B5: 13 | C5: =SUMIF(Декомпозиция!M4:M34,"Phase 2: Продукт",Декомпозиция!K4:K34) | D5: =SUMIF(Декомпозиция!M4:M34,"Phase 2: Продукт",Декомпозиция!L4:L34) | E5: =D5*1.15 | F5: 8–10 недель
A6: Phase 3: Prod-ready | B6: 10 | C6: =SUMIF(Декомпозиция!M4:M34,"Phase 3: Prod-ready",Декомпозиция!K4:K34) | D6: =SUMIF(Декомпозиция!M4:M34,"Phase 3: Prod-ready",Декомпозиция!L4:L34) | E6: =D6*1.15 | F6: 4–6 недель
A7: ИТОГО С БУФЕРОМ | B7: =SUM(B4:B6) | C7: =SUM(C4:C6) | D7: =SUM(D4:D6) | E7: =SUM(E4:E6) | F7: 20–26 недель
